,0
wine,66384
flavor,59742
fruit,45191
finish,34440
aroma,33950
acid,31191
palat,29533
tannin,26205
ripe,22978
note,20402
dri,19159
cherri,19025
rich,18332
fresh,17205
show,15436
spice,14642
red,14113
berri,13241
offer,13182
nose,12945
plum,12650
blackberri,12495
drink,12193
sweet,12022
soft,12016
textur,11759
light,11637
balanc,11528
oak,11383
crisp,10304
structur,10269
hint,9229
bright,9064
fruiti,8929
blend,8728
raspberri,8621
vanilla,8387
black,8383
touch,8365
juici,8323
miner,8212
give,8159
veri,8121
citrus,8090
firm,7932
dark,7705
concentr,7674
feel,7470
herb,7356
well,7337
good,7155
age,7136
black_cherri,7028
complex,6995
open,6385
eleg,6385
spici,6317
smooth,6289
appl,6226
full,6098
charact,5995
tart,5819
make,5616
round,5501
intens,5466
herbal,5423
bottl,5296
come,5145
pear,5116
fine,5099
licoric,5056
also,4983
tannic,4944
peach,4926
tast,4926
toast,4888
earthi,4859
layer,4767
dens,4722
clean,4696
savori,4641
white,4638
creami,4616
bit,4538
mouth,4535
chocol,4523
like,4502
power,4495
long,4363
green,4352
delici,4336
fullbodi,4324
along,4298
slight,4287
year,4283
tight,4276
style,4114
nice,4109
vineyard,4078
cabernet_sauvignon,4076
yet,4030
merlot,4006
cassi,3955
accent,3941
honey,3902
mouthfeel,3886
syrah,3842
chardonnay,3824
made,3819
still,3714
one,3587
leather,3583
lemon,3572
tobacco,3561
cola,3503
linger,3470
refresh,3445
live,3408
alongsid,3398
scent,3393
great,3357
grape,3354
lead,3330
suggest,3279
strawberri,3268
tropic,3207
littl,3196
floral,3170
mix,3167
melon,3128
simpl,3122
pineappl,3107
solid,3102
readi_drink,3009
strong,2987
produc,2987
aromat,2987
smoki,2984
core,2978
clove,2974
pepper,2963
bring,2953
edg,2949
follow,2925
apricot,2919
generous,2908
big,2905
attract,2904
plenti,2895
almost,2894
perfum,2848
blueberri,2827
wood,2822
seem,2804
candi,2765
lime,2750
pretti,2747
quit,2719
tangi,2702
coffe,2700
black_currant,2690
cabernet,2666
cranberri,2639
pinot_noir,2629
cedar,2616
young,2613
delic,2603
beauti,2602
lot,2596
tone,2581
domin,2562
impress,2540
vintag,2538
mocha,2533
oaki,2528
lush,2523
currant,2470
barrel,2449
matur,2446
jammi,2421
smoke,2413
zesti,2412
black_pepper,2396
close,2376
end,2353
cinnamon,2342
bake,2339
mediumbodi,2276
caramel,2228
enough,2207
grapefruit,2205
vibrant,2202
deliv,2194
earth,2179
toasti,2173
whiff,2169
frame,2162
back,2161
warm,2151
dusti,2146
white_pepper,2136
much,2130
subtl,2130
silki,2111
provid,2102
thick,2100
love,2089
bitter,2085
weight,2078
carri,2066
combin,2066
best,2061
add,2049
bold,2027
bake_spice,1999
cabernet_franc,1992
time,1992
enjoy,1991
deep,1990
although,1979
orang,1979
color,1974
mint,1935
easi,1933
green_appl,1923
heavi,1915
full_bodi,1904
malbec,1900
aftertast,1900
lean,1898
pure,1895
brisk,1893
express,1893
espresso,1873
wineri,1873
qualiti,1870
hard,1858
depth,1846
mark,1842
bouquet,1839
lift,1825
polish,1812
element,1799
suppl,1791
start,1784
pinot,1772
riesl,1764
cut,1763
pack,1761
forward,1761
even,1759
palat_deliv,1752
sharp,1749
pleasant,1737
violet,1734
support,1732
keep,1725
focus,1713
velveti,1712
tangerin,1711
chewi,1696
appeal,1681
nt,1650
pepperi,1642
sauvignon_blanc,1622
wild,1615
mild,1613
anis,1558
streak,1551
go,1531
drink_2018,1527
side,1522
astring,1519
rather,1506
crush,1501
lend,1497
first,1489
yellow,1488
red_currant,1483
varieti,1482
right,1481
smell,1480
nuanc,1471
integr,1457
flower,1449
dark_chocol,1448
classic,1446
stone_fruit,1444
bodi,1439
interest,1434
doe,1427
rosé,1414
high,1413
includ,1412
glass,1404
onli,1403
roast,1402
estat,1387
develop,1384
approach,1383
fragrant,1352
white_peach,1351
doe_nt,1322
midpal,1313
pair,1300
plump,1299
overal,1299
sip,1296
straightforward,1285
lead_nose,1281
petit_verdot,1281
cellar,1272
raci,1266
though,1265
turn,1259
prune,1257
leav,1256
extract,1251
rustic,1250
perfect,1249
nectarin,1228
get,1225
remain,1214
way,1213
alcohol,1213
exot,1207
opul,1205
alreadi,1205
take,1203
cocoa,1195
highlight,1184
gentl,1183
fleshi,1181
despit,1172
befor,1169
raisin,1168
lack,1164
char,1158
chunki,1153
need,1146
featur,1145
graphit,1136
load,1135
sens,1127
wood_age,1127
length,1126
play,1119
wild_berri,1112
medium_bodi,1110
hold,1109
citrusi,1108
set,1101
lemoni,1097
brambl,1092
drink_2017,1089
boast,1088
last,1088
plush,1084
price,1084
persist,1083
meati,1077
robust,1073
cab,1071
sage,1067
somewhat,1062
appel,1059
new,1057
intrigu,1057
wonder,1055
excel,1048
grip,1047
soften,1044
luscious,1041
natur,1039
drink_2020,1038
boysenberri,1037
fair,1034
raw,1031
almond,1030
sour,1027
food,1020
winemak,1018
ampl,1016
short,1002
leatheri,1000
top,995
present,994
fig,993
find,992
minti,983
honeysuckl,981
wrap,978
french_oak,978
sangioves,978
drink_2019,973
viognier,969
invit,965
moder,965
around,961
result,960
burst,959
youth,958
broad,957
front,948
zinfandel,942
blackfruit,937
menthol,933
succul,928
restrain,927
display,927
pie,924
name,923
woodi,917
need_time,916
appl_pear,915
cool,915
reveal,911
realli,907
serious,907
surpris,906
region,899
distinct,898
butter_toast,893
orang_peel,892
fill,889
salti,884
certain,879
tasti,877
chalki,877
rose_petal,876
typic,872
basic,867
rubberi,866
could,862
unusu,861
white_flower,860
sourc,859
grenach,858
pomegran,858
blossom,856
mellow,850
two,843
ad,834
juic,833
refin,830
mouthwat,830
easygo,829
butter,819
hot,817
medium,813
taut,812
tar,810
still_young,810
densiti,805
thin,804
may,803
butteri,802
reserv,801
petit_sirah,800
meet,797
zin,796
potenti,792
variet,785
exot_spice,782
rose,775
linear,774
tomato,771
creat,769
profil,766
heat,764
palat_dole,763
smoki_oak,761
pleas,754
background,752
mani,752
extrem,752
underbrush,748
forest_floor,746
addit,745
satisfi,745
easydrink,744
modest,743
without,741
come_togeth,739
brace,737
nutmeg,735
throughout,731
stalki,731
run,729
sour_cherri,727
coconut,723
gorgeous,722
steeli,720
given,720
hit,719
grace,718
new_oak,717
valley,713
tough,712
decad,712
auster,711
blue_flower,710
tea,709
lemon_zest,705
grippi,704
milk_chocol,702
defin,701
appear,701
easi_drink,700
promis,700
california,699
subdu,698
continu,696
mushroom,693
effort,691
shine,689
drink_2016,689
yeasti,688
jam,687
tast_like,686
emerg,684
oliv,682
chocolati,681
sandalwood,679
vine,678
quick,677
redfruit,677
blackberri_jam,676
gritti,676
sauvignon,672
grassi,672
part,670
redberri,668
lightbodi,666
green_herb,660
compon,652
allow,651
point,650
use,649
definit,648
help,647
sensat,644
herbac,643
line,643
complet,643
wave,641
less,640
black_oliv,639
drink_soon,638
famili,638
mountain,636
mango,635
select,634
final,632
fulli,629
characterist,628
sophist,627
base,622
butterscotch,622
skin,617
leafi,617
bacon,616
bite,616
toasti_oak,615
evolv,614
alway,614
highton,614
high_alcohol,612
banana,610
entic,608
offdri,606
better,605
friend,603
except,602
yellow_appl,601
want,601
headi,600
begin,600
overrip,599
accompani,599
need_age,598
meat,597
lyche,595
person,595
direct,595
cream,592
tempranillo,592
black_tea,589
brood,588
huge,587
near,587
hearti,586
brini,586
tight_wound,586
appet,584
lemon_lime,584
compact,584
dessert,584
penetr,582
star_anis,582
initi,581
would,578
form,577
drinkabl,575
screwcap,573
ferment,572
100_variet,571
tri,571
blackcherri,569
veget,567
10,567
puriti,565
ani,565
grabbi,564
charm,563
consist,563
brown_sugar,561
stand,561
dust,560
especi,558
generic,556
passion_fruit,553
label,553
rang,552
medicin,552
game,550
site,548
snappi,547
compel,544
finegrain_tannin,544
ginger,543
citric,542
nutti,539
pepperi_spice,538
brighten,538
bone_dri,536
immedi,536
backbon,534
shade,533
2018,532
flat,532
togeth,531
match,531
stage,531
orang_zest,530
air,529
meyer_lemon,525
kick,524
smoke_meat,524
stew,524
someth,524
otherwis,521
funki,521
vivid,519
purpl,518
thyme,515
oili,515
import,515
harmoni,514
lace,514
eucalyptus,512
becom,510
low,510
expect,509
work,508
dryness,507
slender,506
next_year,505
access,504
mouthfil,504
thing,503
delight,503
blackcurr,500
wellbalanc,500
pleasur,499
howev,497
gooseberri,496
readi,495
blue,494
exuber,493
substanti,492
bell_pepper,490
extra,490
mingl,489
least,488
mourvèdr,488
similar,486
shiraz,486
lavend,485
detail,483
silki_textur,482
burnt,480
rough,479
grass,479
20,479
tang,477
entir,477
term,477
finess,475
drink_2022,474
pithi,472
plus,470
standard,469
balsam_note,468
consider,465
anoth,464
pick,464
chees,463
pois,463
pink_grapefruit,461
preserv,460
thank,460
precis,459
light_bodi,458
decent,458
residu_sugar,457
contrast,457
old_vine,456
pinot_gris,454
satur,454
edgi,453
abund,452
rhubarb,452
promin,451
becaus,451
complement,449
100,449
drive,448
seduct,448
call,442
lengthi,442
richer,441
whole,441
coat,440
woodag,439
equal,439
cure_meat,438
assert,437
might,437
clear,437
tradit,435
bake_appl,435
truffl,434
uniqu,433
raisini,431
chard,431
2010,430
wet_stone,430
singlevineyard,430
yellow_peach,429
smell_like,429
tension,429
yeast,428
sparkl,427
yield,427
sauc,426
reminisc,426
ground,425
easili,424
level,424
riper,423
particular,423
lemonlim,423
dish,423
pinot_grigio,422
relat,422
old,422
sugar,420
2020,420
grown,420
upfront,419
syrupi,418
new_french,417
massiv,417
flesh,417
real,416
decant,416
unfold,415
sleek,414
barbecu,414
everyth,414
peppercorn,411
releas,411
would_pair,411
summer,410
stone,409
toward,407
mean,407
month,407
salin,406
true,406
verdot,406
sugari,406
pungent,405
behind,405
offset,403
extend,402
kiwi,402
primari,401
push,401
within,400
futur,399
drink_2021,398
small,398
steak,398
character,396
stylish,396
enhanc,395
let,395
sticki,395
slate,394
lead_way,393
crush_raspberri,393
grill_herb,393
estat_vineyard,392
settl,392
plant,392
warmth,392
scratchi,390
experi,390
purpl_flower,390
reflect,389
dill,388
seamless,388
ting,388
muscular,387
coolclim,386
hay,386
nut,384
stonefruit,384
plummi,384
fennel,384
convey,384
cab_franc,384
roast_coffe,382
30,382
resini,382
weighti,381
total,380
goe,380
forc,379
due,378
2017,378
lemon_peel,378
kind,378
orang_blossom,377
half,377
put,377
perhap,377
aggress,376
next,375
luxuri,375
waxi,374
chop_herb,373
fun,373
serv,372
beyond,371
notion,371
rare,371
look,371
carmenèr,369
fruitforward,369
lee,369
packag,368
cardamom,366
surround,366
40,366
give_way,365
shi,365
15,364
case,363
bean,363
modern,363
wait,363
leaf,362
jasmin,362
enjoy_soon,362
showcas,362
come_across,361
zippi,361
welcom,361
faint,359
voluptu,359
main,359
2009,358
rock,358
bitter_almond,357
proper,357
choppi,356
enorm,356
version,355
pencil_lead,354
stoni,354
grill,352
fat,351
asphalt,350
exampl,350
everyday,349
meld,348
rest,348
healthi,347
dark_color,347
improv,346
noth,346
elderberri,345
resin,345
pop,343
briari,343
bordeaux,343
toast_almond,341
peel,341
prove,341
wellintegr,340
pristin,339
deepli,339
manag,339
draw,339
place,338
sémillon,338
maintain,338
potent,336
superrip,336
sunni,336
rubber,335
peach_apricot,333
three,333
bubbl,333
wellmad,332
far,332
evid,331
zest,331
steel,330
pipe_tobacco,330
obvious,330
fade,330
syrup,329
new_leather,329
onc,328
blast,327
raspberri_jam,327
cook,326
strike,326
energi,326
aroma_recal,325
citrus_zest,325
underrip,324
control,324
differ,323
estategrown,323
lith,321
amount,321
known,321
slight_bitter,320
tabl,319
papaya,318
well_integr,318
brawni,318
pinch,317
larg,317
valu,317
star,316
notic,316
ageworthi,315
sturdi,314
mani_year,314
allur,314
brim,313
stay,312
rug,312
shape,311
2011,311
fragranc,310
sort,309
salt,309
entri,308
done,308
tongu,308
usual,307
recal,307
drink_2015,307
barbera,307
orchard_fruit,306
hill,306
incred,306
dash,306
brunello,306
benefit,305
exhibit,305
success,305
dilut,305
stun,304
craft,304
flashi,303
narrow,303
abound,302
lighter,302
pronounc,302
pair_well,301
lavish,301
inki,301
ride,300
see,300
danc,300
barolo,299
punch,299
vein,299
streamlin,299
mulberri,298
balsam,298
medium_weight,298
ground_pepper,298
2015,297
sauci,297
fruitdriven,297
never,296
mediterranean_herb,295
appl_skin,295
guava,294
brilliant,294
remark,294
join,293
whose,293
lemongrass,293
till_soil,292
age_potenti,292
found,291
product,291
soil,291
among,291
indic,290
season,290
napa_valley,290
grow,290
made_entir,290
lipsmack,290
foodfriend,290
contribut,289
molass,288
sparkler,288
plum_skin,288
washington,288
2016,288
fall,287
hazelnut,287
tens,286
bordeauxstyl_blend,286
backdrop,285
leather_tobacco,284
earli,283
blanc,283
sure,283
swirl,283
shot,283
overwhelm,283
retain,282
napa,281
cuvé,281
explos,281
vanilla_bean,281
rise,280
grill_meat,280
2008,280
heft,280
aspect,280
vineyarddesign,279
unctuous,279
oxid,278
2012,277
pastri,277
seem_bit,277
gami,276
verv,276
onedimension,276
simpli,275
compos,274
harsh,274
beef,273
2007,273
hail,272
grapi,272
underneath,272
blend_sangioves,271
garnacha,271
moment,271
reason,271
leesi,270
sever,270
second,269
carob,269
possibl,268
often,268
instead,268
dramat,268
cigar_box,267
area,267
oregano,267
probabl,267
iron,266
pierc,266
one_best,266
darker,266
lumin,265
overton,265
introduc,265
honeydew,265
array,264
overt,264
forest,263
essenc,263
bear,262
asian_spice,262
slowli,262
soon,262
middl,262
add_complex,262
quinc,261
roussann,261
big_bold,261
limit,261
reward,261
elev,260
gewürztramin,260
across,259
mute,258
origin,258
asian_pear,257
offdri_riesl,257
properti,256
bare,256
watermelon,256
block,256
cinnamon_clove,256
petrol,255
past,255
develop_well,255
touriga_nacion,255
2019,254
wild_strawberri,254
slice,253
heart,253
crush_stone,253
ton,253
swath,253
woodspic,252
rosemari,252
excit,252
redcherri,252
drink_now–2020,251
captur,251
drop,251
stemmi,251
douro,250
blackplum,249
deal,249
bay_leaf,249
tomato_leaf,249
sea_salt,248
darkfruit,248
pine,248
classi,248
say,248
regular,248
bonedri,247
angular,247
built,247
soy,246
mediumweight,246
cloy,246
allspic,246
restraint,246
drink_2023,245
apéritif,245
flint,245
hand,245
build,245
junip,244
vanilla_cream,244
ultim,244
rooti,244
bordeaux_blend,244
underton,244
la,244
inform,243
scour,243
citrus_peel,242
white_grapefruit,242
blend_60,241
fascin,241
vital,241
bitter_chocol,241
sever_year,241
peachi,241
home,240
redcurr,240
de,240
fan,240
nervi,240
punchi,239
french,239
take_center,239
underscor,238
ageabl,238
abov,238
anoth_year,237
pull,237
chalk,237
nonetheless,236
honeydew_melon,236
toast_nut,236
green_oliv,236
compost,236
immens,236
root_beer,235
wiri,235
invigor,235
provid_framework,234
clone,234
boost,234
oregon,233
barrel_ferment,233
bolster,232
tannat,232
roll,232
rioja,232
stem,231
splash,231
viscous,231
redol,230
sagebrush,230
afford,230
driven,229
beeswax,229
emphas,229
tad,229
barnyard,229
hous,228
crispli,228
nero_davola,228
franc,228
five_year,228
good_price,227
waft,227
dull,227
could_age,227
fact,227
scorch_earth,226
tarri,226
repres,226
year_cellar,226
italian,226
crème_brûlée,226
mouss,226
cut_grass,226
firm_finegrain,226
across_palat,225
burn,225
odd,225
new_wood,225
lime_zest,225
coastal,224
2014,224
stainless_steel,224
cook_spice,224
expans,224
reduct,224
add_interest,224
lusti,224
tremend,224
current,223
wo,222
gain,222
miss,222
superb,222
lightweight,222
pink,221
contain,221
design,221
impart,220
two_year,220
terroir,220
presenc,219
loami,219
six_year,219
mayb,218
reduc,218
wide,217
potpourri,217
state,217
stewi,217
roast_meat,217
equal_part,216
flabbi,216
sprinkl,216
deft,216
press,216
render,216
fare,216
blackskin_fruit,215
orang_rind,215
ether,215
graini_tannin,214
veer,214
singl_vineyard,214
12,213
softer,213
dr_pepper,212
white_almond,212
major,212
marri,212
sheer,212
trace,211
100_cabernet,211
amaz,211
crunchi,211
blend_50,210
marzipan,210
carignan,210
overpow,210
dazzl,210
add_depth,209
ever,209
variet_charact,209
away,209
spright,208
celebr,208
2013,208
botryti,207
nebbiolo,207
lemon_drop,207
speak,207
life,207
could_use,207
muddl,206
special,206
made_100,206
difficult,206
terrif,206
grape_varieti,205
wrap_around,205
twist,205
cantaloup,205
amaron,205
absolut,205
wash,205
stiff,205
pale,205
woodland_berri,205
announc,205
unrip,204
bland,204
day,204
compris,204
brand,204
influenc,204
salad,203
thread,203
quiet,203
made_organ,202
lemon_curd,202
russian_river,202
jelli,201
ideal,201
center,201
appar,201
onc_sip,200
blend_70,200
tobacco_leaf,199
atop,199
wet,198
golden,197
common,197
partner,197
riserva,196
consum,195
prick,195
château,195
surfac,195
provid_support,195
accentu,194
sing,194
outstand,194
comfort,193
stoni_miner,193
zingi,193
got,193
achiev,193
flinti,193
cleans,192
sizabl,192
strength,192
proport,192
toffe,192
blocki,192
buoy,191
funk,191
white_spring,190
echo,190
garrigu,190
tame,190
exud,189
sizzl,189
sinc,189
date,189
longer,189
champagn,188
neutral,187
golden_delici,187
cake_spice,187
appl_blossom,187
drink_2025,187
flamboy,187
hallmark,187
yellow_pear,187
volatil,186
textbook,186
envelop,186
barrelfer,186
sirah,185
compot,185
cushion,185
irresist,185
buoyant,185
key_lime,184
honest,184
chill,184
cake,184
stuf,184
sb,183
general,183
pickl,183
develop_bottl,183
graham_cracker,183
next_six,182
oak_influenc,182
25,182
think,181
white_stone,181
blacken,181
2005,181
quaffabl,181
50,181
malbec_petit,181
breath,181
anim,180
reach,180
fantast,180
sultri,180
bristl,179
amid,179
steadi,179
sappi,179
move,179
spot,179
meloni,179
brioch,178
dimens,178
lick,178
60,178
enliven,178
subtleti,178
asparagus,178
2006,177
chamomil,177
sumptuous,177
pencil_shave,177
snap,176
melt,176
spent,176
notabl,175
11,175
low_alcohol,175
tini,175
cool_vintag,175
cru,174
kirsch,174
river,174
lilac,174
popular,173
memor,173
challeng,173
good_valu,172
press_appl,171
seafood,171
familiar,171
late_2017,171
smith,171
residu,171
lactic,171
peak,170
meali,170
choic,170
still_develop,169
preced,169
ava,169
versatil,169
weedi,169
marmalad,168
warmer,168
lemon_grapefruit,168
awkward,168
kiss,168
longlast,168
mouthcoat,168
late,167
measur,167
compar,167
forest_berri,167
drink_2024,166
class,166
amidst,166
care,166
albariño,165
pie_fill,165
hibiscus,165
ca_nt,165
highacid,164
wateri,164
secondari,164
mapl_syrup,164
anyth,164
moist_earth,164
expens,164
gravel,164
mask,163
ranch,163
nettl,163
consid,163
entrylevel,163
yellow_flower,162
dose,162
anchor,162
effect,162
sear,162
4–5,162
drunk,162
explod,161
sound,161
stuff,161
counti,161
lean_toward,161
sit,161
blend_80,161
waft_glass,160
generos,160
size,160
appropri,160
actual,160
cherryberri,160
pine_needl,160
chop_mint,160
darkskin_berri,160
time_cellar,159
hefti,159
energet,159
lie,159
citrus_rind,159
drink_now–2025,159
grenach_blanc,159
dark_brood,159
80,158
overdon,158
local,158
new_world,158
villag,158
fit,158
squeez,158
muscat,157
ager,157
crack_pepper,157
pour,157
5–6,157
counter,157
drink_now–2018,157
meal,156
sometim,156
2022,156
sawdust,156
elabor,156
even_better,156
spring,156
unoak,155
tonic,155
morello_cherri,155
lineup,155
grüner,155
wealth,154
volum,154
chicken,154
word,154
shellfish,154
resembl,154
moder_long,154
stick,154
alicant_bouschet,154
right_amount,154
neutral_oak,154
drier,154
pulpi,153
spritz,153
pinot_blanc,153
bartlett_pear,153
pasta,153
companion,152
wild_flower,152
fish,152
best_buy,152
tarragon,152
jumpi,151
paso_robl,151
sipper,151
exquisit,151
lemon_rind,150
honeycomb,150
spri,150
turn_earth,150
teas,150
hollow,150
toast_hazelnut,150
expand,150
butter_popcorn,150
coffe_ground,150
strang,149
cheer,149
grate,149
pink_color,149
iri,149
possess,149
coupl_year,149
hickori,148
fieri,148
clove_cinnamon,148
flush,148
popcorn,148
14,148
granit,148
raisin_prune,148
chabli,147
seri,147
sweeter,147
without_much,147
brown_spice,147
case_produc,147
hedonist,147
spearmint,146
chile,146
saffron,146
small_amount,146
delicaci,146
fudg,146
burgundi,146
till_earth,146
veer_toward,146
would_make,146
sangioves_10,146
carnero,146
granni,146
lamb,146
front_center,145
lift_glass,145
itali,145
redplum,145
brighten_crisp,145
mineraldriven,145
coffe_bean,144
loam,144
distract,144
evok,144
ripen,144
vibranc,144
port,144
cinsault,144
drink_now–2015,144
cigar,143
2025,143
wood_smoke,143
10_year,143
intric,143
sanguin,143
abras,143
dri_creek,143
distinguish,143
masculin,143
super,143
bur,142
four,142
iodin,142
dynam,142
mapl,142
incens,142
stew_plum,142
2–3_year,142
lime_juic,142
marshmallow,141
impact,141
muscl,141
flash,141
lose,141
closegrain_tannin,140
come_around,140
vivaci,140
broaden,140
north,140
spray,140
chang,140
normal,140
uncompl,140
develop_next,140
confirm,140
vinho_verd,140
pucker,139
vineyard_site,139
heavili,139
impecc_balanc,139
liqueur,139
marsann,139
work_well,139
spanish_broom,139
plastic,139
murki,139
underpin,139
give_extra,139
eas,138
gold_color,138
disappoint,138
owner,138
celeri,138
temper,138
underst,138
chenin_blanc,137
demand,137
aris,137
chop,137
wellstructur,137
pizza,137
onto,137
number,137
cover,137
spectrum,137
adequ,137
famous,137
curious,137
oakdriven_spice,136
brown,136
prior,136
subt,136
tannic_grip,136
bing_cherri,136
oldvin,136
mediumsweet,136
drink_now–2016,136
custard,136
vermentino,135
muski,135
signatur,135
70,135
alongsid_brace,135
fabul,135
wildflow,135
farm,134
cours,134
lightfoot,134
left,134
southern,134
tire,134
spritzi,134
bittersweet_chocol,134
oakdriven,133
world,133
woodsi,133
grand_cru,133
tingl,133
charcoal,133
score,133
fore,133
pineappl_orang,133
rind,132
framework,132
organ,132
kabinett,132
beef_jerki,132
wellpric,132
worth,132
lover,132
monastrel,132
cherri_liqueur,132
fill_mouth,132
steeli_miner,131
indian_spice,131
pineappl_mango,131
grapey,131
joy,131
harvest,131
bubblegum,131
bordeaux_varieti,130
project,130
excess,130
corn,130
fold,130
field_blend,130
countri,129
immedi_attract,129
know,129
fresher,129
campfir,129
persimmon,129
soupi,129
vine_plant,129
tree,129
american_oak,129
graini,129
cooler,129
sweati,129
sweeten,128
tire_rubber,128
cocoa_powder,128
bread,128
likeabl,128
likabl,128
tempt,128
handl,128
bounci,128
quaffer,127
oakbas,127
golden_color,127
fashion,127
yes,127
13,127
lighter_style,127
firm_refin,127
truli,127
resolv,127
shave,127
substanc,127
earthier,127
hue,126
year_two,126
green_tea,126
rhône,126
take_lead,126
alreadi_delici,126
alongsid_velveti,126
unwind,126
flood,126
sulfur,126
zing,126
resini_oak,126
straight,126
ash,125
tangerin_zest,125
drink_2014,125
marasca,125
spirit,125
citrus_pith,124
mélang,124
green_bean,124
whisper,124
struggl,124
pinot_nero,124
damp,124
worth_age,124
syrah_grenach,124
walla_walla,124
tree_bark,124
flood_mouth,124
flow,123
acacia,123
press_violet,123
even_though,123
higher,123
bake_bread,123
market,123
fierc,123
slight_sour,123
ahead,123
confect,123
walnut,123
pale_color,123
alongsid_assert,122
three_year,122
loud,122
good_thing,122
parti,122
verdejo,122
greenappl,122
vanilla_coconut,122
pork,122
sport,122
yellow_stone,121
reson,121
share,121
vintner,121
expert,121
four_year,121
wet_earth,121
medium_fullbodi,121
central_coast,121
moscato,121
sign,121
beefi,121
take_time,121
golden_appl,120
easi_enjoy,120
around_edg,120
root,120
signific,120
18,120
sugari_sweet,120
water,120
18_month,120
fanci,120
deeper,120
win,120
favor,119
foundat,119
entic_scent,119
clariti,119
kept,119
attent,119
relat_light,119
100_new,119
feral,119
everi,119
check,118
histor,118
umami,118
cranberri_pomegran,118
overlay,118
mesh,118
alpin_herb,118
road,118
alongsid_finegrain,118
eye,118
soda,118
olallieberri,117
blackskin_berri,117
inexpens,117
spring_flower,117
aliv,117
beaujolai,117
great_valu,117
16,117
dainti,117
floweri,117
raspberri_compot,117
weav,117
peach_nectarin,116
burger,116
semisweet,116
held,116
promis_age,116
ferment_age,116
acr,116
pinot_bianco,115
pineappl_jam,115
enrich,115
crème_de,115
exact,115
best_2020,115
pioneer,115
peach_pit,115
mossi,115
studi,115
standout,115
abrupt,115
velvet,115
pedigre,115
elus,115
cedari,115
grand,115
utter,115
rocki,115
sicili,114
foxi,114
unbalanc,114
lemon_blossom,114
spätlese,114
10_merlot,114
espresso_bean,114
complic,114
lime_peel,113
barbaresco,113
lanolin,113
gingerbread,113
crush_rock,113
predomin,113
noir,113
south,113
explor,113
wind,113
shock,113
primitivo,113
burgundian,113
weak,112
nectarin_zest,112
prune_raisin,112
averag,112
along_way,112
readytodrink,112
sustain,112
greater,112
parcel,112
calm,112
posit,112
appl_cider,111
older,111
fair_price,111
almond_past,111
requir,111
peach_blossom,111
american,111
immedi_appeal,111
pith,111
showi,111
hang,111
feminin,111
di,110
interpret,110
powder_sage,110
succeed,110
33,110
oregon_pinot,109
five,109
mandarin_orang,109
jag,109
spine,109
foresti,109
deepli_concentr,109
bulki,109
brine,109
bad,109
impecc,109
clumsi,109
barrel_influenc,109
allow_age,109
lodi,109
pervad,109
willamett_valley,109
ampl_weight,108
thus,108
previous_vintag,108
said,108
22,108
list,108
increas,108
electr,108
anjou_pear,108
portug,108
infus,108
easi_find,108
clay,108
lime_pith,108
glide,108
dot,107
type,107
vineyard_plant,107
brandi,107
drink_2018–2028,107
welldefin,107
2004,107
counterpoint,107
bacon_fat,107
montepulciano,107
inde,107
rum_cake,106
deep_color,106
chianti_classico,106
bark,106
transit,106
grape_sourc,106
oil,106
mixtur,106
sooth,106
17,106
prime,106
nervous,106
meld_togeth,106
grill_sage,106
powder,106
hold_back,106
locat,106
small_percentag,106
salmon,106
lemon_juic,106
fragrant_blue,105
green_banana,105
liveli,105
grapefruit_pith,105
premier_cru,105
smallproduct,105
hide,105
convinc,105
sonoma_coast,104
moder_tannic,104
describ,104
grape_grown,104
alongsid_polish,104
effortless,104
crisper,104
beguil,104
undeni,104
phenol,104
tight_knit,104
05,104
money,104
longterm_age,104
northern,104
chilean,104
grill_steak,104
breath_time,104
good_everyday,104
rise_glass,104
night,103
buttercream,103
tuscani,103
compet,103
unlik,103
signal,103
crush_violet,103
5050_blend,103
slick,103
drink_now–2017,103
dollop,103
cold,103
freshen,102
flourish,102
acacia_flower,102
boister,102
blow,102
leav_astring,102
rendit,102
blush,102
evolut,102
fleet_tannin,102
cassi_liqueur,102
drink_2018–2025,102
meant,102
2021,102
bread_crust,102
malvasia,101
ultrarip,101
admir,101
later,101
former,101
lost,101
jolt,101
pleasant_bitter,101
reedi,101
06,101
shimmer,101
undercurr,101
feed,101
3–4_year,101
orang_marmalad,101
tropicalfruit,101
break,101
take_shape,100
generat,100
effervesc,100
provenc,100
express_varieti,100
step,100
theme,100
right_away,100
blend_touriga,100
bargain,100
tantal,100
veri_drinkabl,100
border,100
zealand,99
whitefruit_aroma,99
suprem,99
emphasi,99
cotton_candi,99
need_soften,99
demonstr,99
latex,99
fullflavor,99
tomato_vine,99
cap,99
neutral_french,99
greet_nose,99
wide_avail,98
oakag,98
piquant,98
either,98
dinner,98
northern_itali,98
ausles,98
2023,98
made_drunk,98
mild_bitter,98
dolcetto,98
alentejo,98
spunki,98
toast_coconut,98
team,98
last_long,98
glimps,98
princip,98
tuscan,98
readi_enjoy,97
six_month,97
sexi,97
first_sip,97
categori,97
clampi,97
blend_85,97
recent,97
modern_style,97
specif,97
alcohol_level,97
wall,97
75,97
aciddriven,97
whi,97
syrah_mourvèdr,97
neither,97
confectionari_note,97
slope,97
get_better,97
press_rose,97
right_front,97
—sh,97
vineyard_design,96
powderi,96
juxtapos,96
unabash,96
tend,96
uplift,96
cucumb,96
10_petit,96
roast_almond,96
ferment_stainless,96
coupl,96
melon_rind,96
justrip,96
savor,96
moreish,96
flagship,95
thorough,95
sinewi,95
freshcut,95
pure_express,95
leafi_underbrush,95
judg,95
staunch,95
santa_barbara,95
orang_apricot,95
mediumlength_finish,95
french_american,95
blend_90,95
refer,95
winner,95
roast_beef,94
finest,94
valuepr,94
st,94
fizz,94
long_mouthwat,94
bosc_pear,94
petit,94
wet_cement,94
bigger,94
spectacular,94
cracker,94
camphor,94
food_friend,94
cling,94
ooz,94
alreadi_access,94
plum_cake,94
crowdpleas,94
metal,94
reverber,94
roast_chicken,94
pyrazin,94
alvarinho,94
rather_lean,93
rather_later,93
leaner,93
wellcraft,93
straw,93
almond_skin,93
central,93
bakingspic,93
us,93
whitefruit,93
evoc,93
correct,93
domain,93
heavili_oak,92
show_sign,92
manner,92
soapi,92
decid,92
frothi,92
fring,92
stellar,92
warmth_alcohol,92
sancerr,92
energ_miner,92
territori,92
barrel_select,92
toro,92
pass,91
torronté,91
stout,91
effus,91
head,91
drink_2020–2030,91
frank,91
rose_violet,91
woven,91
sweettart,91
petal,91
emerg_glass,91
horsey,91
cocktail,91
act,90
ridg,90
50_new,90
spanish,90
picnic,90
coax,90
tomatoey,89
beli,89
puls,89
brut,89
fleet,89
lay,89
cheesi,89
thrill,89
lurk,89
brick,89
vanilla_custard,89
anis_alongsid,89
key,89
bigbon,89
valpolicella,89
rutherford,89
coast,89
quaff,89
blend_75,89
char_wood,88
alexand_valley,88
smoke_bacon,88
12_month,88
yellow_rose,88
icon,88
perlag,88
aerat,88
26,88
rosso,88
darkberri,88
land,88
like_mani,88
late_2016,88
favorit,88
montalcino,88
flair,88
southern_itali,88
cost,87
rhônestyl_blend,87
today,87
jump_glass,87
hold_togeth,87
ocean,87
detract,87
rim,87
blanket,87
develop_quick,87
pithi_citrus,87
via,87
crusti,87
jalapeño,87
save,87
wet_slate,87
lock,87
passionfruit,87
ring,86
somehow,86
biodynam,86
appreci,86
unexpect,86
tannic_bite,86
sonoma_counti,86
great_price,86
bergamot,86
3–5,86
chemic,86
akin,86
30_new,86
kumquat,86
violet_rose,86
profound,86
strawberri_jam,86
intensifi,85
good_exampl,85
peek,85
keep_thing,85
next_sever,85
anisett,85
treat,85
spain,85
essenti,85
clip,85
captiv,85
leftov,85
hope,85
oyster,85
chisel,85
vineyard_sourc,85
singl,85
grab,85
light_feet,85
green_peppercorn,85
carri_onto,85
mandarin,85
pollen,84
drink_sooner,84
struck_flint,84
san,84
track_record,84
6–8_year,84
cool_climat,84
tell,84
strain,84
edna_valley,84
anderson_valley,84
seven_hill,84
vigor,84
beet,84
grit,84
grown_grape,84
captur_remain,83
case_made,83
creek,83
risotto,83
alli,83
20_new,83
note_signal,83
jumbl,83
pull_togeth,83
dinner_tabl,83
stretch,83
licoric_root,83
spread,83
drink_2012,83
grain,83
20_merlot,83
2024,83
fail,83
oakvill,83
etch,83
zip,83
disjoint,82
le,82
probabl_best,82
instant,82
glorious,82
burnt_toast,82
variet_correct,82
everyon,82
eight_year,82
albeit,82
mediterranean,82
tannic_backbon,82
scream,82
31,82
arinto,82
engag,82
singlevineyard_bottl,82
greet,82
next_decad,82
fluid,82
tank,82
knit_togeth,81
fulli_develop,81
punctuat,81
blockbust,81
marjoram,81
abil,81
40_new,81
problem,81
residu_sweet,81
fruit_bomb,81
deserv,81
recommend,81
ham,80
smaller_amount,80
longtim,80
thorough_dri,80
bittersweet,80
basil,80
could_develop,80
year_old,80
drink_2030,80
howel_mountain,80
good_decant,80
oldest,80
zweigelt,80
situat,80
condens,80
avail,80
unoak_chardonnay,80
lake_counti,80
prefer,80
stay_power,80
retic,80
amplifi,80
poach_pear,79
trebbiano,79
old_world,79
blend_five,79
tender,79
palateco,79
best_2018,79
blackpepp,79
mulchi,79
set_stage,79
vast,79
buri,79
21,79
roast_nut,79
bluefruit,79
portlik,79
east,79
shoe_polish,79
central_itali,79
minim,79
25_cabernet,79
dão,79
lemon_pith,78
eventu,78
ripasso,78
beg,78
2030,78
35,78
young_vine,78
practic,78
pure_variet,78
decor,78
chaparr,78
brighter,78
blueberri_pie,78
simultan,78
rounder,78
matchstick,78
relax,78
enter,78
spin,78
mountain_vineyard,78
minut,77
mass,77
pile,77
pair_grill,77
partial,77
curri,77
cinnamon_nutmeg,77
radiant,77
group,77
19,77
soy_sauc,77
powerhous,77
fine_exampl,77
respect,77
judici,77
chanc,77
first_sniff,77
damson,77
alongsid_backbon,77
unfold_glass,77
sicilian,77
mango_pineappl,76
smash,76
field,76
lemon_custard,76
glaze,76
adorn,76
viura,76
smoki_sandalwood,76
revit,76
sausag,76
bodi_weight,76
apart,76
highend,76
viscos,76
sublim,76
inher,76
quinta,76
superior,76
outsid,76
malolact_ferment,76
order,76
mind,76
high_tone,76
regist,75
brush,75
chenin,75
piefil,75
chocol_fudg,75
ciel_du,75
portfolio,75
23,75
paso,75
reservelevel,75
pinotag,75
bring_togeth,75
airi,75
matur_blackskin,75
stew_prune,75
authent,75
portion,75
rubi_color,75
quintessenti,75
mere,75
crust,75
appli,75
age_lee,75
whiff_game,75
abl,75
bit_flat,74
might_expect,74
doubt,74
exceed,74
atyp,74
question,74
super_tuscan,74
energ,74
segu,74
finegrain,74
moder_alcohol,74
cahor,74
beef_char,74
gold,74
lightest,74
nobl,74
oregano_thyme,74
floral_fragranc,74
extraordinari,74
without_ani,74
lateharvest,74
nativ,74
blueberri_jam,74
themselv,74
upright,74
worthi,74
babi,74
hover,74
trail,74
tight_woven,73
seen,73
grenach_mourvèdr,73
first_impress,73
pushi,73
breezi,73
flinti_miner,73
fast,73
sea,73
imprint,73
decept,73
candi_ginger,73
peach_mango,73
grape_skin,73
breadi,73
issu,73
hot_alcohol,73
interplay,73
gala_appl,73
sheen,73
crystallin,73
great_potenti,73
saddl_leather,73
foam,73
bone,73
laden,73
crowd,72
smoke_nut,72
return,72
blood_orang,72
wax,72
upon,72
endur,72
made_modern,72
foami,72
master,72
enjoy_2020,72
follow_suit,72
greenfruit,72
everi_way,72
six,72
90,72
altern,72
time_glass,72
fullfruit,72
although_better,72
happi,72
char_meat,72
load_finess,72
ensur,72
augment,72
steep,71
disclos,71
24,71
imagin,71
crush_slate,71
immacul,71
casual,71
distant,71
bubbl_gum,71
mysteri,71
rate,71
lemon_verbena,71
purpl_color,71
rein,71
assort,71
go_anywher,71
suit,70
sassafra,70
sonoma,70
district,70
roast_pork,70
embrac,70
blend_55,70
85,70
monster,70
canyon,70
reliabl,70
fulli_integr,70
sunbak_earth,70
mar,70
ice,70
permeat,70
insid,70
36,69
introduct,69
face,69
proportion,69
appl_flesh,69
beneath,69
sagrantino,69
hickori_smoke,69
huckleberri,69
combo,69
fruitier,69
need_sever,69
chianti,69
45,69
tighten,69
gravenstein_appl,69
must,69
argentina,69
30_merlot,68
teriyaki,68
superrich,68
tomato_sauc,68
porti,68
factor,68
grüner_veltlin,68
10_syrah,68
golden_mango,68
sage_alongsid,68
smack,68
squeez_lemon,68
grapefruit_peel,68
late_harvest,68
elderflow,68
magnific,68
young_stage,68
wide_rang,68
watch,68
fuller,68
nativ_grape,68
whole_lot,68
heat_alcohol,68
compromis,68
next_month,68
28,68
stop,68
grapefruit_zest,68
firmer,68
mirabell_plum,68
soul,68
plain,68
vinifi,68
stainlesssteel_ferment,67
darkskin_fruit,67
taster,67
berrycherri,67
compens,67
marlborough,67
beer,67
spark,67
abv,67
demur,67
went,67
dust_cocoa,67
modest_alcohol,67
fair_amount,67
hold_onto,67
immatur,67
wait_2018,67
cab_sauvignon,67
lowalcohol,67
dole,67
bar,67
intermingl,66
culmin,66
throw,66
fullthrottl,66
organ_grown,66
gl_residu,66
marvel,66
clove_nutmeg,66
cola_sandalwood,66
magic,66
light_spritzi,66
shell,66
centuri,66
drink_2026,66
float_glass,66
awesom,66
held_togeth,66
warmclim,66
barrelag,66
lettuc,66
taken,66
age_3–4,66
peopl,66
underlin,66
lemon_oil,66
west,66
obscur,66
whiff_barnyard,66
aglianico,66
fame,66
whole_cluster,66
process,66
coars,66
heavier,65
slow,65
briari_brambl,65
fine_ground,65
continu_improv,65
verg,65
liquor,65
prove_quit,65
gewurztramin,65
yakima_valley,65
pithi_bitter,65
unfurl,65
island,65
squar,65
crunchi_red,65
aim,65
ripest,65
balsam_herb,65
maximum,65
rough_edg,65
third,65
detect,65
mendocino,65
seed,65
sculpt,65
châteauneufdupap,65
best_2019,65
lasagna,65
medley,65
rule,65
past_vintag,65
grill_beef,64
rib,64
melon_papaya,64
depend,64
gamay,64
pictur,64
hot_vintag,64
long_life,64
columbia_valley,64
flatter,64
rhône_blend,64
especi_price,64
cooki,64
breadth,64
pump,64
drawn,64
lime_skin,64
2011_vintag,64
puckeri,64
limeston,64
blaufränkisch,64
gaseous,64
california_chardonnay,63
role,63
bit_rough,63
australian,63
friulano,63
percentag,63
pleas_sens,63
pillowi,63
pommard,63
stillyoung,63
box,63
classic_variet,63
07,63
lake,63
easytodrink,63
napa_cabernet,63
portugues,63
100_merlot,63
mirabell,63
corner,63
ponder,63
meat_dish,63
none,63
cashew,63
made_80,63
eventu_reveal,63
avoid,63
cement,63
drink_2018–2030,63
ancient,63
sun,63
sweettast,63
muscadet,63
deni,62
first_releas,62
wear,62
perform,62
prosecco,62
2007_vintag,62
grower,62
cheval,62
cofer,62
splendid,62
patienc,62
gardenia,62
crush_flower,62
weigh,62
reserva,62
walk,62
unfocus,62
coat_mouth,62
greenlean,62
creep,62
slightest,62
gigant,62
fortun,62
overoak,62
mushroomi,62
add_extra,62
good_choic,62
send,62
built_age,62
zinfandel_petit,62
unit,62
lilt,62
sangioves_20,61
wild_mushroom,61
figur,61
nevertheless,61
conjur,61
preserv_lemon,61
translat,61
rank,61
gradual,61
sierra_foothil,61
need_least,61
entertain,61
counois,61
tier,61
overrid,61
pulp,61
white_sugar,61
mace,61
04,61
reason_price,61
moss,61
leafi_herbal,60
onethird,60
vie,60
natur_rubber,60
poultri,60
helena,60
mash,60
lime_kiwi,60
15_merlot,60
garden_herb,60
char_beef,60
prepar,60
tough_gritti,60
youth_assert,60
individu,60
youth_auster,60
cumin,60
gather,60
rosewat,60
coffe_grind,60
brought,60
atlas_peak,60
plumskin,60
lemon_meringu,60
dijon_clone,60
cooper,60
loir,60
pine_forest,60
bullish,60
vagu,60
christma_spice,60
4–6,60
better_known,60
strong_sens,60
blend_65,60
gain_complex,59
offput,59
indigen,59
mencía,59
cava,59
associ,59
sunshin,59
mustard,59
alert,59
inki_dark,59
bandaid,59
30_syrah,59
offdri_style,59
genuin,59
deepli_color,59
rippl,59
cross,59
keen,59
concret,59
slice_appl,59
confid,59
endless,59
enjoy_2018,59
execut,59
converg,58
lime_rind,58
charg,58
borderlin,58
seam,58
pasta_dish,58
peppermint,58
accept,58
two_three,58
thought,58
construct,58
intertwin,58
drink_2013,58
slight_oili,58
slight_oxid,58
mediterranean_brush,58
immedi_drinkabl,58
earl_grey,58
rubi,58
grillo,58
famili_estat,58
crianza,58
overshadow,58
anyon,58
age_2–3,58
highland,58
great_exampl,58
give_shape,58
compani,58
brown_butter,58
dosag,58
oldfashion,58
eastern,58
toast_bread,58
epitom,58
overal_impress,58
stark,58
apricot_jam,58
lemberg,58
monterey,58
organ_farm,58
soak,58
felin,58
support_role,58
mouth_water,58
extraordinarili,58
lemonad,58
goat_chees,58
charcuteri,58
blend_45,58
finger_lake,58
bounti,57
wisp,57
alicant,57
year_ago,57
come_mind,57
content,57
merg,57
intox,57
liven,57
collect,57
marlborough_sauvignon,57
buy,57
seek,57
attribut,57
biscuit,57
santa_lucia,57
chateau,57
cideri,57
anim_hide,57
paint,57
mouthpuck,57
sangioves_merlot,57
shrimp,57
least_six,57
spike,57
drinker,57
scallion,57
pie_crust,57
ruddi,57
rust,57
inspir,57
pale_pink,57
tast_twice,57
deriv,57
restaur,57
tartar_acid,57
hamburg,57
feet,57
brittl,57
unyield,57
tini_bit,57
cleancut,57
del,57
vari,57
granit_soil,57
brother,56
much_better,56
suffici,56
lighten,56
nod,56
medium_length,56
priorat,56
38,56
immedi_access,56
macer,56
attack,56
suav,56
william,56
sunkiss,56
conclud,56
climat,56
shear,56
german,56
given_time,56
intern,56
next_6–8,56
santa_ynez,56
perki,56
ordinari,56
moist_soil,56
balsam_wood,56
fullforc,56
tinta_roriz,56
biggest,56
happili,56
condit,55
blossomi,55
shower,55
wintergreen,55
chip,55
vinegar,55
exampl_varieti,55
hidden,55
dure,55
courtesi,55
cloak,55
buttress,55
time_fulli,55
wow,55
lower,55
mesquit,55
reli,55
chalk_soil,55
100_syrah,55
pruney,55
clementin,55
pea,55
would_benefit,55
evid_alcohol,55
neighbor,55
end_2016,55
sensual,55
gris,55
wait_2017,55
fri,55
nectar,55
wellround,55
rose_water,55
2003,54
graciano,54
remind,54
drink_now–2019,54
drink_now–2014,54
testament,54
ribolla,54
gialla,54
unveil,54
sarsaparilla,54
thrown,54
wood_grain,54
percent,54
15_petit,54
greenherb,54
rosato,54
awash,54
pepper_bridg,54
smother,54
okay,54
chocolatecov_cherri,54
25_merlot,54
high_level,54
version_varieti,54
next_2–3,54
beaun,54
thirstquench,54
tight_coil,54
made_nativ,54
town,54
david,54
dasti,54
fare_like,54
met,54
pineappl_guava,54
rubycolor,54
drink_2018–2023,54
road_tar,53
dirt,53
weird,53
barbecu_sauc,53
sensuous,53
opaqu,53
altogeth,53
95,53
next_five,53
cider,53
freshest,53
previous,53
sourcherri,53
les,53
09,53
cocktail_sipper,53
befit,53
least_five,53
multipl,53
overlook,53
perfect_pair,53
veneer,53
hard_find,53
half_new,53
bound,53
cradl,53
stori,53
drink_2017–2025,53
reinforc,53
made_popular,53
new_releas,53
alsac,53
whiff_menthol,53
poke,52
saw,52
price_rang,52
equal_measur,52
fine_apéritif,52
tighter,52
still_retain,52
winter,52
wood_resin,52
leap_glass,52
larger,52
mushi,52
afford_price,52
solid_effort,52
alreadi_approach,52
prop,52
lighter_side,52
slightest_hint,52
nacido,52
semidri_riesl,52
plus_side,52
puré,52
benchmark,52
pound,52
lead_pencil,52
australia,52
artifici,52
glycerin,52
longev,52
pomegran_cranberri,52
grill_pineappl,52
toast_walnut,52
40_merlot,52
wet_clay,52
slight_chill,52
pert,52
squeez_lime,52
gummi,52
heat_evid,52
highest,52
mediumlong_finish,52
svelt,52
highoctan,52
transpar,52
substant,52
mediumterm_age,52
rip,52
cloud,52
section,51
bruiser,51
california_style,51
unpleas,51
pack_punch,51
spare,51
express_nebbiolo,51
unleash,51
histor_vineyard,51
porcini_mushroom,51
made_use,51
underbrush_leather,51
would_work,51
orangepeel,51
complet_pictur,51
room,51
simplic,51
appeal_fan,51
lean_side,51
violet_lavend,51
bien,51
somewher,51
fade_quick,51
nougat,51
drink_now–2012,51
need_food,51
fade_away,51
pasti,51
tangerin_peel,51
give_hour,51
acacia_honey,51
2026,51
10_mourvèdr,51
medicin_cabinet,51
max,51
beat,51
scorch_soil,51
hard_resist,51
tast_bud,51
seven,51
led,51
bounc,51
develop_slowli,51
reput,51
sweat,51
trio,51
fire,51
yummi,51
austrian,51
bordeauxstyl,51
sail,51
made_70,51
duck,51
garnet_color,51
sangioves_15,51
set_tone,51
made_90,50
account,50
long_hangtim,50
set_scene,50
provid_backbon,50
southern_rhône,50
gum,50
glimmer,50
consult,50
wound,50
long_haul,50
laid_across,50
yogurt,50
soup,50
soar,50
good_job,50
20_month,50
barossa,50
nerello_mascales,50
blood,50
dryfarm,50
true_varieti,50
veil,50
lobster,50
great_apéritif,50
though_label,50
wayward,50
terribl,50
gravelli,50
drink_2017–2022,50
decant_hour,50
smoke_beef,50
histori,50
hous_style,50
monoton,50
clover,50
stimul,50
bowl,50
meat_juic,50
bundl,50
yellowfruit,50
rusti,50
verdicchio,50
steeli_edg,50
open_allur,50
downright,50
upscal,50
blend_sever,50
—jc,50
semisweet_riesl,50
keep_interest,50
whether,49
better_2018,49
degre,49
vanilla_cooki,49
drink_window,49
char_earth,49
strawberri_preserv,49
granular,49
disappear,49
slowli_emerg,49
santa_maria,49
canaiolo,49
came,49
produc_organ,49
onethird_new,49
cabernet_sauvignonbas,49
cigarbox,49
fernão,49
spring_blossom,49
bordeaux_grape,49
tend_toward,49
2010_vintag,49
candl_wax,49
come_fore,49
rose_hip,49
fleck,49
imposs,49
continu_develop,49
sensibl,49
held_back,49
whitepeach,49
southern_oregon,49
100_cab,49
creamytextur,49
nail,49
path,49
proven,49
underbelli,49
sea_breez,49
love_sens,49
thyme_oregano,49
tuna,49
addit_time,49
ambiti,49
past_prime,49
recogn,49
float,49
heighten,49
fynbo,49
jacket,49
fault,49
virtu,48
befor_releas,48
foothil,48
oak_cask,48
spoil,48
30_grenach,48
mighti,48
opposit,48
sorbet,48
20_grenach,48
allur_scent,48
various,48
20_syrah,48
cellar_floor,48
lighter_color,48
hardedg,48
greatest,48
thick_extract,48
dip,48
agil,48
local_grape,48
son,48
spiki,48
55,48
citi,48
sassi,48
semillon,48
understand,48
lime_leaf,48
legendari,48
virtual,48
welloak,48
wet_soil,48
overbear,48
western,48
satini,48
propel,48
cast,48
midway,48
scratch,48
duero,48
burst_glass,48
seduc,48
miner_vein,48
rosepet,48
scouri,48
classic_napa,48
40_grenach,48
intent,48
wet_rock,48
indian,48
shown,48
raspi,48
white_rock,48
quinin,47
foot,47
meringu,47
like_improv,47
nacion,47
near_term,47
brais,47
peanut,47
stunner,47
annot,47
drizzl,47
jasmin_honeysuckl,47
bed,47
heat_vintag,47
singlevineyard_pinot,47
great_swath,47
lunch,47
2009_vintag,47
44,47
moscatel,47
gewürz,47
saintémilion,47
2012_vintag,47
smaller,47
15_syrah,47
piedmont,47
sushi,47
specialist,47
next_two,47
minor,47
confus,47
alcohol_high,47
heritag,47
laci,47
talcum_powder,47
best_2022,47
chines,47
petaluma_gap,47
leather_game,47
cinnamon_stick,47
vertic,47
forestfloor,47
john,47
40_syrah,47
feel_wide,47
nondescript,47
39,47
exemplari,47
orang_oil,47
oldest_vine,47
least_2020,47
whiteflow,47
one_better,46
prevail,46
littl_rough,46
dryish,46
accord,46
versatil_food,46
verdelho,46
autumn,46
separ,46
drink_2027,46
chocolatecov,46
dust_cinnamon,46
almost_point,46
34,46
neutral_nose,46
hour,46
forefront,46
clacki,46
cherri_cough,46
beef_stew,46
servic,46
volumin,46
wholeclust_ferment,46
one_dimension,46
mile,46
latter,46
make_major,46
inaugur_releas,46
tartar,46
alcohol_heat,46
powder_sugar,46
next_10,46
ribera_del,46
jump,46
benefit_time,46
unfortun,46
direct_appeal,46
rhônestyl,46
anise,46
liquid,46
applesauc,46
matur_darkskin,46
proud,46
stack,46
orang_mango,46
cellar_2020,46
regular_bottl,45
primarili,45
steam,45
richest,45
darkchocol,45
folk,45
qualifi,45
caramel_sugar,45
food_pair,45
next_coupl,45
melt_butter,45
mount_veeder,45
65,45
asid,45
hill_vineyard,45
bit_shi,45
slowli_reveal,45
wildberri,45
brash,45
cola_root,45
end_2015,45
chip_slate,45
heavyweight,45
least_four,45
oakderiv,45
sit_atop,45
almostsweet,45
giant,45
pinot_meunier,45
edit,45
fiano,45
extraordinarili_rich,45
arroyo,45
colorino,45
press_flower,45
uncommon,45
price_point,45
hors_heaven,45
15_month,45
concord_grape,45
stillwat_creek,45
power_finess,45
crispli_defin,45
négociant,45
sharper,45
smaller_percentag,45
happen,45
raspi_tannin,45
determin,45
oak_knoll,45
guarante,45
pinkgrapefruit,45
tuberos,45
lurk_background,45
unfilt,45
flavorwis,45
nofril,45
deep_purpl,45
sweetandsour,45
identifi,45
pit,45
skin_contact,45
08,44
discern,44
diesel,44
rhubarb_cranberri,44
thai,44
sight,44
dress,44
cohes,44
meander,44
rariti,44
frontload,44
gran_reserva,44
confer_pear,44
2014_vintag,44
alon,44
klipsun,44
latest,44
pair_food,44
daughter,44
gone,44
garden,44
vineyard_locat,44
ampli,44
fine_grain,44
leather_truffl,44
butter_cinnamon,44
bigtim,44
darkcolor,44
glass_stopper,44
fruitfil,44
vibe,44
mourvèdr_grenach,44
watermelon_strawberri,44
beach,44
pinpoint,44
5–10,44
lead_onto,44
calistoga,44
castl,44
marin_spirit,44
enjoy_2019,44
player,44
bumpi,44
also_notic,44
age_month,44
meanwhil,44
delin,44
aperitif,44
ventur,44
2002,44
10_month,44
mill,44
napa_cab,44
quantiti,44
eccentr,44
extravag,44
momentum,44
provid_intrigu,43
tertiari,43
offer_wealth,43
bonarda,43
northeast_itali,43
denser,43
never_lose,43
el,43
blowsi,43
chock_full,43
violet_iri,43
crack,43
make_ideal,43
next_four,43
rather_fleet,43
undertow,43
14_month,43
red_willow,43
dive,43
meat_chees,43
keep_everyth,43
fortifi,43
monolith,43
cherri_marin,43
bay,43
veteran,43
mosel,43
citrusdriven,43
weight_densiti,43
debut,43
shadow,43
buck,43
crush_granit,43
seven_year,43
belong,43
made_50,43
tail,43
establish,43
nofuss,43
barriqu,43
wellmanag,43
silk,43
dunde_hill,43
second_vintag,43
blend_four,43
estat_grown,43
henc,43
sunripen,43
terrif_valu,43
much_els,43
kalamata_oliv,43
astonish,43
redappl,43
guid,43
vie_attent,43
hot_summer,42
plate,42
cranberri_juic,42
italian_white,42
silken,42
tapenad,42
get_job,42
premier_crus,42
drink_2018–2026,42
ciliegiolo,42
onion,42
stylist,42
option,42
42,42
could_benefit,42
honeysuckl_jasmin,42
mediterranean_scrub,42
heavyhand,42
incorpor,42
mingl_glass,42
25_new,42
mention,42
superbl,42
flirt,42
like_ager,42
ground_clove,42
washington_state,42
pencil_eras,42
interfer,42
one_state,42
anoth_month,42
technic_dri,42
piec,42
arguabl,42
endnot,42
negroamaro,42
context,42
chocolatey,42
one_hand,42
maraschino_cherri,42
first_take,42
balsam_vinegar,42
absolut_delici,42
split,42
overrip_raisin,42
oakinspir,42
innocu,42
suffer,42
beam,42
weav_togeth,42
lightheart,42
tawni,42
puncheon,42
catarratto,41
thyme_bay,41
wellripen,41
toast_brioch,41
fullerbodi,41
dissip,41
run_toward,41
arugula,41
swing,41
clairett,41
peach_papaya,41
côtes_du,41
desir,41
crack_black,41
rdd,41
oodl,41
intend,41
outright,41
lower_alcohol,41
fatti,41
etna,41
interwoven,41
clos,41
difficult_vintag,41
without_heavi,41
rusti_color,41
scale,41
repris,41
attempt,41
champoux,41
drink_2018–2024,41
read,41
anoth_sip,41
brimston,41
fulli_ripen,41
view,41
sheer_power,41
unintegr,41
yet_retain,41
farm_grape,41
height,41
almost_overrip,41
pungenc,41
everyday_fare,41
annual,41
5–7,41
strawberri_hull,41
better_2017,41
broader,41
drink_now–2013,41
coombsvill,41
côte_de,41
quaf,41
peat,41
mint_menthol,41
anoth_decad,41
could_go,41
hillsid,41
drinkmenow,41
wellbuilt,41
tangerin_skin,41
fuel,41
tramin,41
famous_vineyard,41
swallow,41
cinnamonspic,41
could_easili,41
wake,41
scallop,41
15_alcohol,41
air_freshen,41
nail_polish,41
let_breath,41
greek,41
spinetingl,41
northern_rhône,41
sauv_blanc,41
bruis_appl,40
now–2030,40
marcona_almond,40
sharpli,40
slip,40
anoth_five,40
arriv,40
relat_quick,40
diffus,40
purest,40
caramel_butterscotch,40
fog,40
ebulli,40
one_third,40
pull_back,40
overthetop,40
15_year,40
slather,40
mont,40
flatten,40
margin,40
anywher,40
il,40
clunki,40
drape,40
discov,40
35_cabernet,40
cedar_pencil,40
highalcohol,40
trick,40
caus,40
slide,40
fullon,40
grapefru,40
brawn,40
clamp,40
sur_lie,40
loos,40
merit,40
pomegran_juic,40
mouth_thank,40
potato,40
weightless,40
beetroot,40
deliveri,40
handsom,40
2016–2021,40
press_blue,40
hawthorn,40
apricot_mango,40
revel,40
deepen,40
—pg,40
—mm,40
bill,40
northwest,40
plush_velveti,40
drip,40
glint,40
smoothtextur,40
drink_cold,39
asian_fare,39
gravelli_textur,39
pointi,39
soav,39
rigid,39
commingl,39
sister,39
pommard_clone,39
subregion,39
faintest,39
middl_eastern,39
boot,39
take_away,39
perenni,39
total_refresh,39
fruitcak,39
pineappl_papaya,39
sourc_entir,39
whitepepp,39
excel_length,39
shrill,39
ground_coffe,39
lait,39
wild_yeast,39
andor,39
lemonlim_soda,39
hit_right,39
two_third,39
entir_stainless,39
represent,39
underbrush_scorch,39
damp_earth,39
find_way,39
enjoy_2021,39
strawberri_watermelon,39
godello,39
rais,39
tip,39
followup,39
stream,39
wild_thyme,39
10_grenach,39
press_yellow,39
grenach_20,39
argentin,39
cheeseburg,39
occas,39
crowd_pleaser,39
delv,39
bath_soap,39
drink_2017–2027,39
heap,39
wide_varieti,39
excel_valu,38
chew_gum,38
wet_dog,38
conner_lee,38
warmth_vintag,38
knockout,38
suitabl,38
rush,38
rare_find,38
soav_classico,38
ashi,38
drench,38
recent_vintag,38
mingl_easili,38
sediment,38
extend_long,38
16_month,38
review,38
allpurpos,38
scatter,38
terroirdriven,38
crab,38
indigen_grape,38
job,38
geranium,38
bit_onedimension,38
sherri,38
certifi_organ,38
sketchi,38
nutmeg_cinnamon,38
puglia,38
ok,38
art,38
block_select,38
parsley,38
café_au,38
cherimoya,38
strap,38
quick_fade,38
veal,38
freesia,38
impenetr,38
32,38
viognier_roussann,38
speckl,38
turn_loam,38
testarossa,38
readi_go,38
syrah_25,38
37,38
asian,38
wondrous,38
unobtrus,38
glori,38
fizzi,38
capabl,38
subsid,38
fullfigur,38
gem,38
doughi,38
made_85,38
oliv_tapenad,38
2017–2030,38
stainless,38
pale_salmon,38
least_2025,38
better_2016,37
unfussi,37
whiff_cake,37
petit_manseng,37
stir,37
classic_nebbiolo,37
diamond_mountain,37
gunmet,37
fish_dish,37
model,37
persist_bubbl,37
briar,37
wellknown,37
length_breadth,37
62,37
toasti_chocolati,37
drink_now–2022,37
alreadi_evolv,37
encas,37
alongsid_closegrain,37
exagger,37
nearbi,37
stock,37
toast_marshmallow,37
castelão,37
without_lose,37
oomph,37
rich_endow,37
partnership,37
drink_2019–2029,37
los,37
43,37
often_found,37
burnt_rubber,37
blanc_de,37
48,37
continu_impress,37
mistak,37
encourag,37
date_back,37
velvet_textur,37
sage_thyme,37
stag_leap,37
steak_chop,37
shoot,37
largest,37
phenol_edg,37
tune,37
sneak,37
form_core,37
revolv,37
overcom,37
need_month,37
purplefruit,37
equival,37
beef_dish,37
greenplum,37
ask,37
also_detect,37
complementari,37
pliabl,37
least_10,37
besid,37
tight_nervi,37
12_petit,37
smoother,37
trend_toward,37
thorough_delici,37
great_job,37
percept,37
exposur,37
impress_sheer,37
ad_interest,37
ribera,37
nine_month,37
spanish_cedar,37
light_airi,37
nearperfect,37
29,37
plum_damson,37
believ,37
flight,36
palatecleans,36
creosot,36
2001,36
41,36
filter,36
mendocino_counti,36
afternoon,36
memori,36
neat,36
start_fade,36
underrip_peach,36
add_welcom,36
lemonzest,36
steadili,36
spent_time,36
santa_rita,36
joy_drink,36
yellow_mirabell,36
total_readi,36
progress,36
22_month,36
riot,36
anoth_coupl,36
dappl,36
buttercup,36
talk,36
volcan,36
pine_sap,36
jicama,36
set_apart,36
openknit,36
cellarworthi,36
bench,36
endow,36
canteloup,36
best_2017,36
cedari_oak,36
undoubt,36
develop_addit,36
lazi,36
whiff_mediterranean,36
margaux,36
palpabl,36
lifesav,36
add_dimens,36
unresolv,36
marriag,36
hold_anoth,36
mull,36
appley,36
fit_bill,36
immedi_enjoy,36
credit,36
preval,36
time_unwind,36
skill,36
els,36
critic,36
wheat,36
classic_bordeaux,36
1–2,36
musk,36
resist,36
2028,36
bomb,36
destin,36
steak_lamb,36
littl_onedimension,36
made_major,36
darken,36
matter,36
quench,36
pitch,36
heart_appel,36
beet_juic,36
ago,36
trend,36
fine_valu,36
stocki,36
ad_depth,36
notori,36
oak_treatment,36
2008_vintag,36
mild_heat,36
chilli_vintag,36
straw_color,36
ferment_neutral,36
overtak,36
proof,36
merlotdomin,36
garlic,36
harddriv,36
anniversari,36
deft_touch,36
sniff,36
rather_evolv,36
collaps,36
veggi,36
lamb_chop,36
sonoma_valley,36
countrystyl,36
small_parcel,36
long_island,36
finetun,36
wide_appeal,35
greener,35
inki_color,35
mediumsweet_riesl,35
techniqu,35
deep_gold,35
deep_rubi,35
floor,35
lyche_melon,35
squash,35
spend,35
tint,35
underlay,35
need_cellar,35
carbon,35
purpos,35
honeysuckl_flower,35
chief,35
drink_2016–2020,35
simmer,35
necessarili,35
relat_cool,35
mountaingrown,35
spade,35
king,35
rocki_miner,35
hone,35
smoke_pork,35
butterscotch_caramel,35
might_want,35
undergrowth,35
slowli_take,35
commerci,35
map,35
eight,35
solid_valu,35
sweet_pea,35
flaw,35
persist_throughout,35
palatepleas,35
devoid,35
great_deal,35
jalapeño_pepper,35
honor,35
built_around,35
medium_term,35
tug,35
multifacet,35
loir_valley,35
coffe_liqueur,35
alcohol_warmth,35
featherlight,35
chocolatecov_raisin,35
myriad,35
easi_drinker,35
sandi,35
tread,35
cranberri_rhubarb,35
cloudi,35
exquisit_balanc,35
optim,35
small_quantiti,35
monterey_counti,35
rita_hill,35
yet_anoth,35
littleknown,35
escap,35
statement,35
whistl,35
await,35
grill_porcini,35
authorit,35
pervad_nose,34
blend_51,34
sommeli,34
perfect_proport,34
almost_syrupi,34
slight_spritz,34
low_price,34
wahluk_slope,34
top_cuvé,34
drink_2016–2022,34
crush_velvet,34
fern,34
goe_easi,34
gooseberri_lime,34
overextract,34
earn,34
chive,34
wisteria,34
crush_gravel,34
falanghina,34
wild_forest,34
highqual,34
recent_year,34
pire,34
60_new,34
crème,34
somewhat_flat,34
pear_quinc,34
relat_low,34
seafood_dish,34
justpick,34
show_whi,34
carnat,34
sangiovesebas,34
unmistak,34
late_2015,34
technic,34
orchard,34
steal,34
author,34
confectioneri_note,34
made_60,34
littl_flat,34
grenach_30,34
blacktea,34
trincadeira,34
medium_build,34
oldschool,34
colombard,34
thirst_quench,34
slightest_touch,34
need_unwind,34
impos,34
sauvag,34
lighterstyl,34
mt,34
rosso_di,34
provid_addit,34
whatev,34
limitedproduct,34
fist,34
specimen,34
sourdough,34
lifesav_candi,34
wet_river,34
ident,34
santa,34
year_unwind,34
replac,34
goto,34
appear_first,34
gird,34
pay,34
caress,34
fulli_matur,34
gros_manseng,34
tribut,34
sens_puriti,34
sell,34
father,34
drink_2028,34
southwest,34
rock_district,34
march,34
difficulti,34
warrant,34
purchas,34
whack,34
tea_leaf,34
end_2014,34
nectarin_flesh,34
stubborn,34
freshsqueez,34
least_decad,34
get_way,33
oregano_marjoram,33
earth_mushroom,33
46,33
girth,33
clove_allspic,33
shed,33
alto,33
counterbal,33
botan,33
big_brawni,33
stabl,33
promis_futur,33
westsid_road,33
hover_abov,33
proceed,33
scrape,33
spoton,33
famili_sinc,33
herbal_overton,33
flurri,33
stronger,33
2013_vintag,33
signal_close,33
life_ahead,33
strip,33
shortag,33
livermor_valley,33
sweetsmel,33
catch,33
les_collin,33
pauillac,33
reflect_vintag,33
ball,33
pomegran_persimmon,33
one_itali,33
scorch,33
counterpart,33
plateau,33
thyme_rosemari,33
nt_look,33
roast_game,33
fulsom,33
befor_2020,33
assert_finegrain,33
chocol_cake,33
bombast,33
sandpaperi,33
sting,33
mediumweight_mouth,33
vanilla_ice,33
rubi_red,33
freshcut_grass,33
upon_entri,33
volcan_soil,33
tealik,33
juici_morello,33
frappato,33
oakier,33
ultraclean,33
swamp,33
leyda,33
foursquar,33
cofer_viognier,33
continu_evolv,33
improv_next,33
meursault,33
rest_equal,33
necessari,33
2027,33
burnt_coffe,33
advanc,33
spicebox,33
select_parcel,33
count,33
61,33
mouthdri,33
sonor,33
midweight,33
erupt,33
médoc,33
10–15_year,33
steve,33
mediumterm,33
befor_turn,33
provenç_herb,33
2015_vintag,32
summertim,32
2006_vintag,32
lava_rock,32
grechetto,32
sauté,32
gravita,32
america,32
crack_peppercorn,32
without_ever,32
also_contain,32
full_life,32
challeng_vintag,32
inflect,32
cork,32
sharpedg,32
kitchen_spice,32
refresh_quaffabl,32
good_buy,32
2005_vintag,32
rather_dilut,32
meritag,32
aragonez,32
imbu,32
new_project,32
53,32
slight_confect,32
next_eight,32
5050,32
pliant,32
cough_drop,32
golden_honey,32
bloom,32
new_york,32
month_french,32
mondavi,32
lemon_chiffon,32
intrus,32
almost_oili,32
appleskin,32
ferment_nativ,32
second_label,32
applic,32
veteran_winemak,32
best_2010,32
bud,32
eight_month,32
heat_burn,32
nuit,32
barbecu_smoke,32
scrub,32
125,32
bring_mind,32
healthi_dose,32
untam,32
grenadin,32
santa_cruz,32
cocoa_nib,32
blend_52,32
perfect_summer,32
corvina,32
robert,32
given_extra,32
boushey_vineyard,32
last_impress,32
vineyard_heart,32
lip_smack,32
earli_2018,32
mayb_even,32
2000,32
brut_natur,32
hors,32
shame,32
slender_bodi,32
popular_style,32
dark_garnet,32
premier,32
gl,32
man,32
anim_fur,32
burnt_sugar,32
roast_fennel,32
chervil,32
cult,32
includ_small,32
raw_oyster,32
rather_quick,32
almost_entir,32
delect,32
status,32
cellar_2022,32
unrip_green,32
blaze_acid,32
marin,32
pop_cork,32
spell,32
barreldriven,32
balanc_neat,31
pink_ladi,31
fennel_bulb,31
outweigh,31
hungarian,31
candid,31
least_anoth,31
earthi_funk,31
inland,31
clingi,31
douro_superior,31
sear_lemon,31
brief_decant,31
utter_delici,31
earli_2017,31
vietnames,31
seal,31
hold_steadi,31
notch,31
boushey,31
sugar_cooki,31
vitamin,31
squirt,31
fruitless,31
selyem,31
brief,31
struck_match,31
took,31
gain_traction,31
cheesi_oak,31
roast_hazelnut,31
château_de,31
treatment,31
viticultur,31
befor_2018,31
action,31
chili_pepper,31
chamomil_flower,31
prickl,31
put_togeth,31
merlot_20,31
youth_exuber,31
end_2017,31
provenc_rosé,31
pecorino,31
par,31
grill_chicken,31
turkey,31
oaki_resini,31
slight_reduct,31
hedgerow,31
crispest,31
sold,31
lack_subtleti,31
dewi,31
harder,31
cream_sauc,31
late_2018,31
blackplum_skin,31
streak_run,31
chilli,31
cobbler,31
shift,31
alongsid_raspi,31
method,31
mint_thyme,31
vinous,31
de_provenc,31
leap,31
coat_smoki,31
remov,31
suggest_ageabl,31
alfrocheiro,31
tavel,31
coastal_pinot,31
easi_quaff,31
come_aliv,31
margaret,31
track,31
evolv_glass,31
mexican,31
braucol,31
entir_variet,31
gambl,31
27,31
furri_tannin,31
transluc,31
pair_pasta,31
cold_creek,31
horseradish,30
commend,30
composit,30
wood_influenc,30
chop_sage,30
miso,30
creamier,30
trade,30
tea_leav,30
finger_food,30
explain,30
mingl_togeth,30
lemon_balm,30
upon_open,30
silkysmooth,30
grapefruit_passion,30
rhône_varieti,30
bakedappl,30
shred,30
sautern,30
block_plant,30
40yearold_vine,30
core_surround,30
sagemoor,30
thick_syrupi,30
muscadell,30
terribl_complex,30
nt_let,30
everi_day,30
bbq,30
wheati,30
absorb,30
pizza_pasta,30
calibr,30
travel,30
near_equal,30
almost_anyth,30
ride_high,30
hard_tell,30
prevent,30
lowacid,30
vanillin,30
smoke_ham,30
mineralladen,30
drink_2015–2025,30
offici_alcohol,30
bouquet_redol,30
drink_2015–2020,30
proprietari,30
price_tag,30
alreadi_extrem,30
illumin,30
mushroom_risotto,30
exemplifi,30
well_chill,30
big_bur,30
expos,30
pruni,30
captur_essenc,30
mesmer,30
24_month,30
two_varieti,30
raw_meat,30
glossi,30
oakinfus,30
drink_2016–2026,30
candylik,30
entranc,30
calera,30
grill_fish,30
47,30
anticip,30
store,30
michael,30
whistleclean,30
sever_hour,30
gaillac,30
orang_jam,30
aid,30
latest_vintag,30
butter_nut,30
dionysus,30
malvasia_nera,30
seco,30
tini_amount,30
talc_powder,30
bulgarian,30
consum_next,30
alreadi_drinkabl,29
warm_climat,29
made_predomin,29
yountvill,29
30_month,29
drink_2019–2025,29
interspers,29
lesser,29
everyday_price,29
lavend_violet,29
crumbl,29
window,29
sauté_mushroom,29
toasti_blacken,29
56,29
bolder,29
sesam,29
spice_box,29
concoct,29
warmvintag,29
drink_hair,29
eleg_perlag,29
tangerin_rind,29
onli_lightest,29
get_past,29
great_success,29
furmint,29
embed,29
pair_lamb,29
foil,29
big_parti,29
mark_entri,29
lean_compact,29
klipsun_vineyard,29
blue_purpl,29
ripefruit,29
overtaken,29
good_measur,29
heaven,29
bet,29
du,29
macadamia_nut,29
asian_food,29
58,29
art_blend,29
green_unrip,29
salami,29
glow,29
realli_shine,29
play_promin,29
bacchus,29
crush_peppercorn,29
bitter_walnut,29
wait_late,29
foliag,29
garnet,29
addict,29
syrahbas,29
drili,29
cooler_vintag,29
macabeo,29
marc_de,29
grazia,29
teeter,29
toast_baguett,29
hybrid,29
galor,29
nowher_near,29
blue_chees,29
velvettextur,29
pencil,29
driedfruit,29
wet_gravel,29
citrusflavor,29
chew_tobacco,29
bruis,29
grenach_40,29
spotlight,29
shut,29
sprinkl_cinnamon,29
fulfil,29
cuisin,29
rocksolid,29
cherryvanilla,29
among_best,29
zero,29
temecula,29
vanillalac,29
bake_soda,29
help_keep,29
scene,29
briney,29
grenach_25,29
spicedriven,29
pair_seafood,29
golden_raisin,29
sole,29
easydrink_appeal,29
sta,29
sweetseem,29
beef_lamb,29
rub,29
inaugur,29
coolvintag,29
mediumintens,29
stride,29
employ,29
ultrarich,29
worth_seek,29
perk,29
forget,29
sunbak,29
murmur,29
sibl,29
disposit,29
nice_job,29
leav_last,29
tan_leather,29
screw_cap,29
talc,29
saintemilion,29
loosen,29
silkytextur,29
100_sangioves,29
casa,28
pliant_tannin,28
swirl_glass,28
kaffir,28
casablanca,28
format,28
orient_spice,28
unravel,28
salt_caramel,28
getgo,28
ice_cream,28
smidgen,28
mold,28
grill_salmon,28
landmark,28
alreadi_throw,28
salta,28
fur,28
cure,28
idea,28
syrah_carignan,28
repeat,28
purpleflow,28
roast_lamb,28
divers,28
sundrench,28
bourbon_barrel,28
purist,28
umbria,28
streak_iron,28
predict,28
60_merlot,28
southern_rhônestyl,28
poggio,28
oakinfluenc,28
limezest,28
rudimentari,28
lighter_bodi,28
develop_fast,28
camp,28
european,28
enjoy_2016,28
best_2016,28
rapid,28
slight_reduc,28
spring_mountain,28
ever_slight,28
clock,28
inzolia,28
ode,28
livermor,28
various_american,28
esteem,28
modicum,28
interest_thing,28
despit_relat,28
